common/include/prop/plistref.h	f7b0a0274e01453e9e9611d3c540449305b5d397357afa1f6b29173611832e0f	BSD-2-Clause	https://raw.githubusercontent.com/NetBSD/src/e145e524ee8362fa7d14824b2921b0ba1b694bfe/common/include/prop/plistref.h
common/include/prop/prop_array.h	53fde3846d67ab00b5765c43d7c186539992ef69eb11c633c88a3baf9a7b0513	BSD-2-Clause	https://raw.githubusercontent.com/NetBSD/src/e145e524ee8362fa7d14824b2921b0ba1b694bfe/common/include/prop/prop_array.h
common/include/prop/prop_bool.h	657a1f963a2a3c8dcb270120680772c4a4d64719cf4e8549eebdb0420ce528cc	BSD-2-Clause	https://raw.githubusercontent.com/NetBSD/src/e145e524ee8362fa7d14824b2921b0ba1b694bfe/common/include/prop/prop_bool.h
common/include/prop/prop_data.h	69258919055a996d435b7ff0a498186960fc4e76d01f98ff7ac419e395295aeb	BSD-2-Clause	https://raw.githubusercontent.com/NetBSD/src/e145e524ee8362fa7d14824b2921b0ba1b694bfe/common/include/prop/prop_data.h
common/include/prop/prop_dictionary.h	7c2c78244458db4baeb5eeaba91b9ee307940954e4b37533649d1570e9a92689	BSD-2-Clause	https://raw.githubusercontent.com/NetBSD/src/e145e524ee8362fa7d14824b2921b0ba1b694bfe/common/include/prop/prop_dictionary.h
common/include/prop/prop_ingest.h	b18672246366ee4389d618cebd20e384c1564670f2fddf5c96432a8b445d4511	BSD-2-Clause	https://raw.githubusercontent.com/NetBSD/src/e145e524ee8362fa7d14824b2921b0ba1b694bfe/common/include/prop/prop_ingest.h
common/include/prop/proplib.h	e84b2c62c817619ceec29147c446de22f6ad55afc84f916c8301f25fca287aa6	BSD-2-Clause	https://raw.githubusercontent.com/NetBSD/src/e145e524ee8362fa7d14824b2921b0ba1b694bfe/common/include/prop/proplib.h
common/include/prop/prop_number.h	a094d471cfafd1c888fdc17a11a6628689576236679fcd54ff23cc034a380f45	BSD-2-Clause	https://raw.githubusercontent.com/NetBSD/src/e145e524ee8362fa7d14824b2921b0ba1b694bfe/common/include/prop/prop_number.h
common/include/prop/prop_object.h	508368fa1bd3cb6d774f956ec90cddad3b0d163bd3f98d23dd4b60c7f1576459	BSD-2-Clause	https://raw.githubusercontent.com/NetBSD/src/e145e524ee8362fa7d14824b2921b0ba1b694bfe/common/include/prop/prop_object.h
common/include/prop/prop_string.h	44f47203332040b8d82ae80fcf1d97b2feda256c22ddd4f2a2f5aa3521638ec8	BSD-2-Clause	https://raw.githubusercontent.com/NetBSD/src/e145e524ee8362fa7d14824b2921b0ba1b694bfe/common/include/prop/prop_string.h
sys/altq/if_altq.h	a170bf6160ae7ce0fc8490b889cff04dd77bdbfba242939e733ecc5f3dacd346	BSD-2-Clause	https://raw.githubusercontent.com/NetBSD/src/e145e524ee8362fa7d14824b2921b0ba1b694bfe/sys/altq/if_altq.h
sys/compat/net/if.h	53adc8bc89bed40a1431e136f7ca2dcdc3e4b27ceabcc1bbcd86ec35d97d06a9	BSD-3-Clause	https://raw.githubusercontent.com/NetBSD/src/e145e524ee8362fa7d14824b2921b0ba1b694bfe/sys/compat/net/if.h
sys/compat/net/route.h	82833f0de880f241ef44dadbd3f238a9353ebcae9f765868be1dcd1d033335d4	BSD-3-Clause	https://raw.githubusercontent.com/NetBSD/src/e145e524ee8362fa7d14824b2921b0ba1b694bfe/sys/compat/net/route.h
sys/compat/sys/sockio.h	ca7b79792007619acb864570c9fe2032346b5fec19da0ff658394faee699ea83	BSD-3-Clause	https://raw.githubusercontent.com/NetBSD/src/e145e524ee8362fa7d14824b2921b0ba1b694bfe/sys/compat/sys/sockio.h
sys/compat/sys/time.h	682c89e43eb6304d0c31ad1888218be8928e9db41ef2265eeb2e4c14ac41845b	BSD-3-Clause	https://raw.githubusercontent.com/NetBSD/src/e145e524ee8362fa7d14824b2921b0ba1b694bfe/sys/compat/sys/time.h
sys/compat/sys/time_types.h	5994ea372ad7500357ca0eabe0c1fbd9ec4b0a2d1a65df1be7577d952e563501	BSD-3-Clause	https://raw.githubusercontent.com/NetBSD/src/e145e524ee8362fa7d14824b2921b0ba1b694bfe/sys/compat/sys/time_types.h
sys/crypto/cprng_fast/cprng_fast.h	e4de34f95422506ca6cc4ec08844fe0442f04753b6cbe54d5263892627a0e1cc	UNKNOWN	https://raw.githubusercontent.com/NetBSD/src/e145e524ee8362fa7d14824b2921b0ba1b694bfe/sys/crypto/cprng_fast/cprng_fast.h
sys/crypto/nist_hash_drbg/nist_hash_drbg.h	85154796face77d1b7b4e04ac59c6360cac3dc04d06714258ea9277feee93068	BSD-2-Clause	https://raw.githubusercontent.com/NetBSD/src/e145e524ee8362fa7d14824b2921b0ba1b694bfe/sys/crypto/nist_hash_drbg/nist_hash_drbg.h
sys/dev/lockstat.h	2c9b4c6a90702cbbab82139637370a6f6c20522bf9eaab1decb778c9d725e449	BSD-2-Clause	https://raw.githubusercontent.com/NetBSD/src/e145e524ee8362fa7d14824b2921b0ba1b694bfe/sys/dev/lockstat.h
sys/kern/kern_condvar.c	fa14643d498b2a7c9c37a045e518d385f46bf9f0af28cef22ab590219d4c96c5	BSD-2-Clause	https://raw.githubusercontent.com/NetBSD/src/e145e524ee8362fa7d14824b2921b0ba1b694bfe/sys/kern/kern_condvar.c
sys/kern/kern_lock.c	beb4b36164aed5b0bd6acdafa1d66e49f575580b4b0d7f280aad97c4d348cc56	BSD-2-Clause	https://raw.githubusercontent.com/NetBSD/src/e145e524ee8362fa7d14824b2921b0ba1b694bfe/sys/kern/kern_lock.c
sys/kern/kern_mutex.c	99c434f43b3bd2034201cab04b3a45811d87f87c6da48dbcf2143e9d70cc5e4a	BSD-2-Clause	https://raw.githubusercontent.com/NetBSD/src/e145e524ee8362fa7d14824b2921b0ba1b694bfe/sys/kern/kern_mutex.c
sys/kern/kern_rwlock.c	dfa8ccb3012e82baeb090435d3f17a83fbad8976f07e5b2c1c7350cef5462db4	BSD-2-Clause	https://raw.githubusercontent.com/NetBSD/src/e145e524ee8362fa7d14824b2921b0ba1b694bfe/sys/kern/kern_rwlock.c
sys/kern/kern_timeout.c	a9fbaa03b6ba4744a23a7e16e50508ac2097e213e1511c4752429c4bc07bf3b8	BSD-2-Clause	https://raw.githubusercontent.com/NetBSD/src/e145e524ee8362fa7d14824b2921b0ba1b694bfe/sys/kern/kern_timeout.c
sys/kern/subr_evcnt.c	5911afbde456fc6a74f4b76f45a3518f9b688e3ac00e4ddc0a3c2631aaeda875	BSD-3-Clause	https://raw.githubusercontent.com/NetBSD/src/e145e524ee8362fa7d14824b2921b0ba1b694bfe/sys/kern/subr_evcnt.c
sys/kern/subr_hash.c	512e3d54e51aae7d79d43783cbddbb1da86ee05b223f4c9fe635cbfeb0eaa415	BSD-3-Clause	https://raw.githubusercontent.com/NetBSD/src/e145e524ee8362fa7d14824b2921b0ba1b694bfe/sys/kern/subr_hash.c
sys/kern/subr_once.c	46bbd2bb7994657a74206921f8c12326ba64f418f8e0d9eb7d8d4d61cd5fa40d	BSD-2-Clause	https://raw.githubusercontent.com/NetBSD/src/e145e524ee8362fa7d14824b2921b0ba1b694bfe/sys/kern/subr_once.c
sys/kern/subr_pool.c	11cdf1b812563cd2570b00086811e1d0b063ed84e1515c7dc4d88df7798fafa2	BSD-2-Clause	https://raw.githubusercontent.com/NetBSD/src/e145e524ee8362fa7d14824b2921b0ba1b694bfe/sys/kern/subr_pool.c
sys/kern/subr_pserialize.c	6c61a6d379fd946c870db8531cffb54ec8528ac5cb96b39c038b217ff845db65	BSD-2-Clause	https://raw.githubusercontent.com/NetBSD/src/e145e524ee8362fa7d14824b2921b0ba1b694bfe/sys/kern/subr_pserialize.c
sys/kern/subr_psref.c	fb9eed4583a4f833a9d325745516617a2c851488aa4ec9522f783a813a6d8ee1	BSD-2-Clause	https://raw.githubusercontent.com/NetBSD/src/e145e524ee8362fa7d14824b2921b0ba1b694bfe/sys/kern/subr_psref.c
sys/kern/uipc_mbuf.c	e9d98a913c02747fa882b9b2b2e7caf34d770fa4c74275c34fd848614e525082	BSD-3-Clause	https://raw.githubusercontent.com/NetBSD/src/e145e524ee8362fa7d14824b2921b0ba1b694bfe/sys/kern/uipc_mbuf.c
sys/kern/uipc_socket2.c	91ffe26847efc823cf759312bcf1bd9c0af5024d384ce98db31b52a22ef88814	BSD-3-Clause	https://raw.githubusercontent.com/NetBSD/src/e145e524ee8362fa7d14824b2921b0ba1b694bfe/sys/kern/uipc_socket2.c
sys/kern/uipc_socket.c	6dfb20b296cbefcbf523be45e3bbb006371a64b60433fc123d17cc9955ae6638	BSD-3-Clause	https://raw.githubusercontent.com/NetBSD/src/e145e524ee8362fa7d14824b2921b0ba1b694bfe/sys/kern/uipc_socket.c
sys/lib/libkern/libkern.h	d8d0f471011764ff47b59d56b38216d4f4d7a4729bf7d405aa7afd10d796f366	BSD-3-Clause	https://raw.githubusercontent.com/NetBSD/src/e145e524ee8362fa7d14824b2921b0ba1b694bfe/sys/lib/libkern/libkern.h
sys/lib/libkern/strlist.h	f5b6e18b19c813c23bc15e7b91f96a20a98a0445735b6638bfdc7d2bf16ac71e	BSD-2-Clause	https://raw.githubusercontent.com/NetBSD/src/e145e524ee8362fa7d14824b2921b0ba1b694bfe/sys/lib/libkern/strlist.h
sys/net80211/ieee80211_crypto.h	9e5a097f2eb6e2af194e8f3da42e497512077b1415d79aac2e7cd27c1c16423e	BSD-2-Clause	https://raw.githubusercontent.com/NetBSD/src/e145e524ee8362fa7d14824b2921b0ba1b694bfe/sys/net80211/ieee80211_crypto.h
sys/net80211/_ieee80211.h	879d607f87adbb72313911572bed181cff4e7af5f5f0da91a9d4af23fd4e3df2	BSD-2-Clause	https://raw.githubusercontent.com/NetBSD/src/e145e524ee8362fa7d14824b2921b0ba1b694bfe/sys/net80211/_ieee80211.h
sys/net80211/ieee80211.h	c1e81f8ec528417c69d9555da78a18331d626f2a1e8d416af061d881cdfc56af	BSD-2-Clause	https://raw.githubusercontent.com/NetBSD/src/e145e524ee8362fa7d14824b2921b0ba1b694bfe/sys/net80211/ieee80211.h
sys/net80211/ieee80211_ioctl.h	54dd4c0e162c7afc7ea82c3db9658aea601ccd4dc470f0140e266b5167cbc746	BSD-2-Clause	https://raw.githubusercontent.com/NetBSD/src/e145e524ee8362fa7d14824b2921b0ba1b694bfe/sys/net80211/ieee80211_ioctl.h
sys/net/bpf.h	d08bea05efaebd948ce89025576af3c2e85f815e51e96f5c210fb3ef25642081	BSD-3-Clause	https://raw.githubusercontent.com/NetBSD/src/e145e524ee8362fa7d14824b2921b0ba1b694bfe/sys/net/bpf.h
sys/net/bpfjit.h	fe869b3738cad6740f2c5c03a6a1736980d8526c10d30bf2bf6617f5c3350fa1	BSD-2-Clause	https://raw.githubusercontent.com/NetBSD/src/e145e524ee8362fa7d14824b2921b0ba1b694bfe/sys/net/bpfjit.h
sys/net/bpf_stub.c	6178acd11ca05ec5de7f51f9bec02561e86f83687977183703f4a7b2db4aadc2	BSD-2-Clause	https://raw.githubusercontent.com/NetBSD/src/e145e524ee8362fa7d14824b2921b0ba1b694bfe/sys/net/bpf_stub.c
sys/net/dlt.h	940fe383394ba266f8f5a3b6be5cbe2f311967cdcd8e5eb03253718f03ad46dc	BSD-3-Clause	https://raw.githubusercontent.com/NetBSD/src/e145e524ee8362fa7d14824b2921b0ba1b694bfe/sys/net/dlt.h
sys/net/ethertypes.h	1f4f815f601c70200a6e729f86be842ad5233790756515e048a5dc165e8d3195	BSD-3-Clause	https://raw.githubusercontent.com/NetBSD/src/e145e524ee8362fa7d14824b2921b0ba1b694bfe/sys/net/ethertypes.h
sys/net/if_arp.h	6985ff1ea1bd1c09b11cd44b21e219a1b35850009d770497a3bbc9ec5b1c351a	BSD-3-Clause	https://raw.githubusercontent.com/NetBSD/src/e145e524ee8362fa7d14824b2921b0ba1b694bfe/sys/net/if_arp.h
sys/net/if.c	fce6e23091268e51d119f522385ab473195ed4b55b93bc9970d03cdec8c875c5	BSD-3-Clause	https://raw.githubusercontent.com/NetBSD/src/e145e524ee8362fa7d14824b2921b0ba1b694bfe/sys/net/if.c
sys/net/if_dl.h	224843dd55ff33402e552e42076e16d1f6715a337d10ad4039580aee4a4bc08e	BSD-3-Clause	https://raw.githubusercontent.com/NetBSD/src/e145e524ee8362fa7d14824b2921b0ba1b694bfe/sys/net/if_dl.h
sys/net/if_ether.h	beb33c569a4cc2a2147044c99e2214ff9c11c29a48a9f18df2d3609002be62e1	BSD-3-Clause	https://raw.githubusercontent.com/NetBSD/src/e145e524ee8362fa7d14824b2921b0ba1b694bfe/sys/net/if_ether.h
sys/net/if_gre.h	4a2fa820cd7445541d6e9ae8ad9d76788dd29bbdd7c436cd347652ad6b951dfd	BSD-2-Clause	https://raw.githubusercontent.com/NetBSD/src/e145e524ee8362fa7d14824b2921b0ba1b694bfe/sys/net/if_gre.h
sys/net/if.h	167ec851ca9a230fffb2a49097a10723fe9351c55231faaf0fde2d6b03cedbdf	BSD-3-Clause	https://raw.githubusercontent.com/NetBSD/src/e145e524ee8362fa7d14824b2921b0ba1b694bfe/sys/net/if.h
sys/net/if_llatbl.c	dcc5205961d363cf611699fa7cc37da189ce8766b44c43d97dc81a9e27cd193f	BSD-2-Clause	https://raw.githubusercontent.com/NetBSD/src/e145e524ee8362fa7d14824b2921b0ba1b694bfe/sys/net/if_llatbl.c
sys/net/if_llatbl.h	2e22b65bb46e6c992b55007b61e17413088d818ba96636c79df51d52c4c388c4	BSD-2-Clause	https://raw.githubusercontent.com/NetBSD/src/e145e524ee8362fa7d14824b2921b0ba1b694bfe/sys/net/if_llatbl.h
sys/net/if_loop.c	6e94b9e5fc40746d4f70905e9352de36657f98823fdf6e1ab400d4faf46042c4	BSD-3-Clause	https://raw.githubusercontent.com/NetBSD/src/e145e524ee8362fa7d14824b2921b0ba1b694bfe/sys/net/if_loop.c
sys/net/if_media.h	8d8769deaf5ff56beb5a3298ec34accf26348687052961ea791dea22ca96c53a	BSD-2-Clause	https://raw.githubusercontent.com/NetBSD/src/e145e524ee8362fa7d14824b2921b0ba1b694bfe/sys/net/if_media.h
sys/net/if_module.h	dcc9187ff96e4523ddc6ff7d2ce1b507b18c4c752876993b751350a5915ad70f	BSD-2-Clause	https://raw.githubusercontent.com/NetBSD/src/e145e524ee8362fa7d14824b2921b0ba1b694bfe/sys/net/if_module.h
sys/net/if_stats.c	1b934c33a5f9a6ec6c7e6e91bc1c013412c383dcf6d1b47127f3f1d720d5454d	BSD-2-Clause	https://raw.githubusercontent.com/NetBSD/src/e145e524ee8362fa7d14824b2921b0ba1b694bfe/sys/net/if_stats.c
sys/net/if_stats.h	d25cc0a8758a0e1c3ac35b8b0d3bfe9f555b633958ffa2a3aeb2dc365782b624	BSD-2-Clause	https://raw.githubusercontent.com/NetBSD/src/e145e524ee8362fa7d14824b2921b0ba1b694bfe/sys/net/if_stats.h
sys/net/if_types.h	904e2ae07d2b0e6849d57d77b464b05e79e182ea7040c8cd075ced6e774c97e9	BSD-3-Clause	https://raw.githubusercontent.com/NetBSD/src/e145e524ee8362fa7d14824b2921b0ba1b694bfe/sys/net/if_types.h
sys/netinet6/in6.h	efbc57398becbebaaa91c79732b72840c112368033f5901cdef0d8290bf3423e	BSD-3-Clause	https://raw.githubusercontent.com/NetBSD/src/e145e524ee8362fa7d14824b2921b0ba1b694bfe/sys/netinet6/in6.h
sys/netinet6/in6_pcb.h	330f911ce7ae11fa8453960d8ed687eae965a750d6cdc6260aefaff9e982ff58	BSD-3-Clause	https://raw.githubusercontent.com/NetBSD/src/e145e524ee8362fa7d14824b2921b0ba1b694bfe/sys/netinet6/in6_pcb.h
sys/netinet6/in6_var.h	5f7317813ba2e0b22f4d9a697a1847a19805751c989c29e1677e6baf9f84b5a9	BSD-3-Clause	https://raw.githubusercontent.com/NetBSD/src/e145e524ee8362fa7d14824b2921b0ba1b694bfe/sys/netinet6/in6_var.h
sys/netinet6/ip6_var.h	f275a539657d01a0f40cf9b7f515f13f81e3660ae89955c80d3cd9b78bc0c58a	BSD-3-Clause	https://raw.githubusercontent.com/NetBSD/src/e145e524ee8362fa7d14824b2921b0ba1b694bfe/sys/netinet6/ip6_var.h
sys/netinet/cpu_in_cksum.c	8369400b1f7a7a981583827eee56a7de98c5747dd813159e1d2d676661050d40	BSD-2-Clause	https://raw.githubusercontent.com/NetBSD/src/e145e524ee8362fa7d14824b2921b0ba1b694bfe/sys/netinet/cpu_in_cksum.c
sys/netinet/icmp6.h	82a2b37e917d3777ed565af6549b814fdae4414ad939211f16933d8867c2e217	BSD-3-Clause	https://raw.githubusercontent.com/NetBSD/src/e145e524ee8362fa7d14824b2921b0ba1b694bfe/sys/netinet/icmp6.h
sys/netinet/icmp_private.h	04713f0210b5b38199b5856349de91df3a1551710c58678679073cdb62832ddc	BSD-2-Clause	https://raw.githubusercontent.com/NetBSD/src/e145e524ee8362fa7d14824b2921b0ba1b694bfe/sys/netinet/icmp_private.h
sys/netinet/icmp_var.h	5f3494b52cd2c3ff5d4892f55ea54f38b18dd462899e175dd2af64fca1c4aaff	BSD-3-Clause	https://raw.githubusercontent.com/NetBSD/src/e145e524ee8362fa7d14824b2921b0ba1b694bfe/sys/netinet/icmp_var.h
sys/netinet/if_arp.c	628c5488b9089bfa1b04610c288a5a8210260f406cb3415a24a7021af977f27c	BSD-3-Clause	https://raw.githubusercontent.com/NetBSD/src/e145e524ee8362fa7d14824b2921b0ba1b694bfe/sys/netinet/if_arp.c
sys/netinet/if_inarp.h	5259447bb7c081db26092b1f331eacb094c42a0caa59383485f3471bad251b1f	BSD-3-Clause	https://raw.githubusercontent.com/NetBSD/src/e145e524ee8362fa7d14824b2921b0ba1b694bfe/sys/netinet/if_inarp.h
sys/netinet/igmp.h	52039f84c109532b551ba2b8f3dff6877a05ed9066a8aa57bb1bdf066f832f39	BSD-3-Clause	https://raw.githubusercontent.com/NetBSD/src/e145e524ee8362fa7d14824b2921b0ba1b694bfe/sys/netinet/igmp.h
sys/netinet/igmp_var.h	ff89327420f4c7f3b41c13c2c9665d445a78d7dbdc2dbc4c960eaad227f9649f	BSD-3-Clause	https://raw.githubusercontent.com/NetBSD/src/e145e524ee8362fa7d14824b2921b0ba1b694bfe/sys/netinet/igmp_var.h
sys/netinet/in4_cksum.c	fbb2682064b884740a04468b87b7fdd9510087dbbd62429744d238358db8afe0	BSD-2-Clause	https://raw.githubusercontent.com/NetBSD/src/e145e524ee8362fa7d14824b2921b0ba1b694bfe/sys/netinet/in4_cksum.c
sys/netinet/in.c	2eb77c590843c19cc5fb11a47156ea22cf157641e2155282af5ee1f6c1c784d8	BSD-3-Clause	https://raw.githubusercontent.com/NetBSD/src/e145e524ee8362fa7d14824b2921b0ba1b694bfe/sys/netinet/in.c
sys/netinet/in_cksum.c	a4adac9955ceff2418632d7ec864013f136fbb6aeea286d5b682b7acf01d9a05	BSD-3-Clause	https://raw.githubusercontent.com/NetBSD/src/e145e524ee8362fa7d14824b2921b0ba1b694bfe/sys/netinet/in_cksum.c
sys/netinet/in_gif.h	804494e38a3a0c1a84d8eb393c64ea4a8ede5db5ba8a56ee537eece2ddcb4bb4	BSD-3-Clause	https://raw.githubusercontent.com/NetBSD/src/e145e524ee8362fa7d14824b2921b0ba1b694bfe/sys/netinet/in_gif.h
sys/netinet/in.h	08c04c159c5c61a56a061c80fe43108419570b62a80e1a7f43cb354b005ba128	BSD-3-Clause	https://raw.githubusercontent.com/NetBSD/src/e145e524ee8362fa7d14824b2921b0ba1b694bfe/sys/netinet/in.h
sys/netinet/in_ifattach.h	16504ef5e97a4e43a9d726aee4712d716a7c70f9e9b19f6fc362a3b23df5de4a	UNKNOWN	https://raw.githubusercontent.com/NetBSD/src/e145e524ee8362fa7d14824b2921b0ba1b694bfe/sys/netinet/in_ifattach.h
sys/netinet/in_offload.c	87cd0c3508f1302645981eccd42b6664081a2bef6c482979cf25ee7e697417eb	BSD-2-Clause	https://raw.githubusercontent.com/NetBSD/src/e145e524ee8362fa7d14824b2921b0ba1b694bfe/sys/netinet/in_offload.c
sys/netinet/in_offload.h	65ad9eaa486268482c48ea7ddca071aca1cc2b3febcb44f706a7eaa6e2db12c1	BSD-2-Clause	https://raw.githubusercontent.com/NetBSD/src/e145e524ee8362fa7d14824b2921b0ba1b694bfe/sys/netinet/in_offload.h
sys/netinet/in_pcb.c	bbda6db12006feaccf38e8a450ac214c8c277d9688740175806e277b87a2a903	BSD-3-Clause	https://raw.githubusercontent.com/NetBSD/src/e145e524ee8362fa7d14824b2921b0ba1b694bfe/sys/netinet/in_pcb.c
sys/netinet/in_pcb.h	0135f9e5933755864cae1c8421d5e7ee3fd4d7fc6e32f68bb5a250e8dec2f463	BSD-3-Clause	https://raw.githubusercontent.com/NetBSD/src/e145e524ee8362fa7d14824b2921b0ba1b694bfe/sys/netinet/in_pcb.h
sys/netinet/in_proto.c	e9cdb21b98c17c03fda06c2c25ab5c0a89ad6e7dd51b221d590da231295a6002	BSD-3-Clause	https://raw.githubusercontent.com/NetBSD/src/e145e524ee8362fa7d14824b2921b0ba1b694bfe/sys/netinet/in_proto.c
sys/netinet/in_proto.h	6ade0cb7e1d673845b2ae10c49aba498af29ee62e53aa4c3a995a87dc14116bf	BSD-3-Clause	https://raw.githubusercontent.com/NetBSD/src/e145e524ee8362fa7d14824b2921b0ba1b694bfe/sys/netinet/in_proto.h
sys/netinet/in_selsrc.h	e3db8d06ac66806d55254ed02363b760f58ae8227f23b14e1b9c6a17be94b012	UNKNOWN	https://raw.githubusercontent.com/NetBSD/src/e145e524ee8362fa7d14824b2921b0ba1b694bfe/sys/netinet/in_selsrc.h
sys/netinet/in_systm.h	e84ca5411b3b96fc4f6b3b4f7e30612485be942a035df5c2c8c56e9918018e30	BSD-3-Clause	https://raw.githubusercontent.com/NetBSD/src/e145e524ee8362fa7d14824b2921b0ba1b694bfe/sys/netinet/in_systm.h
sys/netinet/in_var.h	0428badc3d67a963d2623276cacd745443f41e4a27aea24823f2929824bb35df	BSD-3-Clause	https://raw.githubusercontent.com/NetBSD/src/e145e524ee8362fa7d14824b2921b0ba1b694bfe/sys/netinet/in_var.h
sys/netinet/ip6.h	081841f7b75c4aa3fd40ccd0c0918b9d50da394ead234797d6bc9edbe268cb1c	BSD-3-Clause	https://raw.githubusercontent.com/NetBSD/src/e145e524ee8362fa7d14824b2921b0ba1b694bfe/sys/netinet/ip6.h
sys/netinet/ip_encap.h	d2c733f0411903dfe66006711819bbf5ec9ed2bfd073e59d63eb3b348acbf8c4	BSD-3-Clause	https://raw.githubusercontent.com/NetBSD/src/e145e524ee8362fa7d14824b2921b0ba1b694bfe/sys/netinet/ip_encap.h
sys/netinet/ip.h	2a3f34b88edf7a5de270a303356b50c9d79e545a7732e745813ba63649dab644	BSD-3-Clause	https://raw.githubusercontent.com/NetBSD/src/e145e524ee8362fa7d14824b2921b0ba1b694bfe/sys/netinet/ip.h
sys/netinet/ip_icmp.c	99fc9dbf1d85c588d6794bc0ab9de4c0c5a6f9cdfea0544c889579a67365a0a8	BSD-3-Clause	https://raw.githubusercontent.com/NetBSD/src/e145e524ee8362fa7d14824b2921b0ba1b694bfe/sys/netinet/ip_icmp.c
sys/netinet/ip_icmp.h	7401d82f5204e6dda27c4ced35559957236309bda4fc7999968d31e99a11f201	BSD-3-Clause	https://raw.githubusercontent.com/NetBSD/src/e145e524ee8362fa7d14824b2921b0ba1b694bfe/sys/netinet/ip_icmp.h
sys/netinet/ip_input.c	6220c6d231de7ef2eaf3f38a8b27b1b6fd2e23992cd62c9bc5e06993bac816d6	BSD-3-Clause	https://raw.githubusercontent.com/NetBSD/src/e145e524ee8362fa7d14824b2921b0ba1b694bfe/sys/netinet/ip_input.c
sys/netinet/ip_mroute.h	72ad2fee6ac8c9aaa51a13ac16b3c8b40dc873e93d1e83fc57a1d7b5af1bd6bb	UNKNOWN	https://raw.githubusercontent.com/NetBSD/src/e145e524ee8362fa7d14824b2921b0ba1b694bfe/sys/netinet/ip_mroute.h
sys/netinet/ip_output.c	d7410e2d0277a4bc1a8e397105ba6b68599e30fa29fb8446948e5750ce9075d0	BSD-3-Clause	https://raw.githubusercontent.com/NetBSD/src/e145e524ee8362fa7d14824b2921b0ba1b694bfe/sys/netinet/ip_output.c
sys/netinet/ip_private.h	476a3c8eb7f3c1a4c196044ce74fab6081d5bfe6d1bccf5a475d3311fc2d6a6d	BSD-2-Clause	https://raw.githubusercontent.com/NetBSD/src/e145e524ee8362fa7d14824b2921b0ba1b694bfe/sys/netinet/ip_private.h
sys/netinet/ip_reass.c	77d49d76973f921638e6c62a9b36687bc02f70f3983b5c208c081377c1c32421	BSD-3-Clause	https://raw.githubusercontent.com/NetBSD/src/e145e524ee8362fa7d14824b2921b0ba1b694bfe/sys/netinet/ip_reass.c
sys/netinet/ip_var.h	0235c441990f7937ad04062cc72a3a7f43c018fb8bde53411316381ce143aaf7	BSD-3-Clause	https://raw.githubusercontent.com/NetBSD/src/e145e524ee8362fa7d14824b2921b0ba1b694bfe/sys/netinet/ip_var.h
sys/netinet/portalgo.h	eed24e6e24595f04daf91fa5545e91e5af9d34a57a1fdd0e3cf3183b98a24d46	BSD-2-Clause	https://raw.githubusercontent.com/NetBSD/src/e145e524ee8362fa7d14824b2921b0ba1b694bfe/sys/netinet/portalgo.h
sys/netinet/tcp_congctl.c	a497d9f9961630ee1d7108f3fceb22bf9a44594e4f861036765a9b777f74f1db	BSD-3-Clause	https://raw.githubusercontent.com/NetBSD/src/e145e524ee8362fa7d14824b2921b0ba1b694bfe/sys/netinet/tcp_congctl.c
sys/netinet/tcp_congctl.h	2a4d413eb395305f77ce475dcb0b5098a5284608137cc211b8d08920d016c338	BSD-2-Clause	https://raw.githubusercontent.com/NetBSD/src/e145e524ee8362fa7d14824b2921b0ba1b694bfe/sys/netinet/tcp_congctl.h
sys/netinet/tcp_debug.h	417aebea312a281fab2b30ca414f76bc443403d62b1aea5e94268a2bb59a88f1	BSD-3-Clause	https://raw.githubusercontent.com/NetBSD/src/e145e524ee8362fa7d14824b2921b0ba1b694bfe/sys/netinet/tcp_debug.h
sys/netinet/tcp_fsm.h	8e002e174d6d61f9938279ba01570df4684fa07abcd7e6c1676e40a290a4b5b7	BSD-3-Clause	https://raw.githubusercontent.com/NetBSD/src/e145e524ee8362fa7d14824b2921b0ba1b694bfe/sys/netinet/tcp_fsm.h
sys/netinet/tcp.h	5f4b3488ffe73184871757593d7f774d2d8b47ea50324ecaf4278bcc2a0a0a15	BSD-3-Clause	https://raw.githubusercontent.com/NetBSD/src/e145e524ee8362fa7d14824b2921b0ba1b694bfe/sys/netinet/tcp.h
sys/netinet/tcp_input.c	e0d0f35ddb8ff8b783f338dc7e1c6afdba424a1bb850699721231b304ebd42fa	BSD-3-Clause	https://raw.githubusercontent.com/NetBSD/src/e145e524ee8362fa7d14824b2921b0ba1b694bfe/sys/netinet/tcp_input.c
sys/netinet/tcp_output.c	270a4953a788d299387a62dd5c5b706a6f3ba5b42a87500fae2e335af565254b	BSD-3-Clause	https://raw.githubusercontent.com/NetBSD/src/e145e524ee8362fa7d14824b2921b0ba1b694bfe/sys/netinet/tcp_output.c
sys/netinet/tcp_private.h	800adf9327b372c101d472ddf86b593d9ec23bd416ea6641e4122643c65b1a1e	BSD-2-Clause	https://raw.githubusercontent.com/NetBSD/src/e145e524ee8362fa7d14824b2921b0ba1b694bfe/sys/netinet/tcp_private.h
sys/netinet/tcp_sack.c	d9eb1ecf1aaffdaa39aae59338a9cc02659d9f769ec268bd2279ff15f1088225	BSD-3-Clause	https://raw.githubusercontent.com/NetBSD/src/e145e524ee8362fa7d14824b2921b0ba1b694bfe/sys/netinet/tcp_sack.c
sys/netinet/tcp_seq.h	a5d197883cba97f7abc8a67b638d57a878b50607093ad19804e6e310642386d5	BSD-3-Clause	https://raw.githubusercontent.com/NetBSD/src/e145e524ee8362fa7d14824b2921b0ba1b694bfe/sys/netinet/tcp_seq.h
sys/netinet/tcp_subr.c	f42780440495fc5efa489267b66e8a4706365f3cb19399e5591d04f03ea0cea8	BSD-3-Clause	https://raw.githubusercontent.com/NetBSD/src/e145e524ee8362fa7d14824b2921b0ba1b694bfe/sys/netinet/tcp_subr.c
sys/netinet/tcp_syncache.c	720f72414b1275075216c63ca5673b89ccda1c3db0a336d550256a0a1176e624	BSD-3-Clause	https://raw.githubusercontent.com/NetBSD/src/e145e524ee8362fa7d14824b2921b0ba1b694bfe/sys/netinet/tcp_syncache.c
sys/netinet/tcp_syncache.h	c8bf817e0f53712d46357aab0d307fa875a88b1715326b07fc98c298da80bf75	BSD-3-Clause	https://raw.githubusercontent.com/NetBSD/src/e145e524ee8362fa7d14824b2921b0ba1b694bfe/sys/netinet/tcp_syncache.h
sys/netinet/tcp_timer.c	7db4c0f89b31b9ae9ccf67ab0ee4a1deaef275ee1ff59bcb5067484549185845	BSD-3-Clause	https://raw.githubusercontent.com/NetBSD/src/e145e524ee8362fa7d14824b2921b0ba1b694bfe/sys/netinet/tcp_timer.c
sys/netinet/tcp_timer.h	a5edb13e3a3f2840fcdaaaac063a13d8493d4361d90d9e1b0b85d8a6758bb122	BSD-3-Clause	https://raw.githubusercontent.com/NetBSD/src/e145e524ee8362fa7d14824b2921b0ba1b694bfe/sys/netinet/tcp_timer.h
sys/netinet/tcp_usrreq.c	7c3c503cd6657a7c667849c3292a178853a3725d7c9f81e6fb47efaa4b7bd2d8	BSD-3-Clause	https://raw.githubusercontent.com/NetBSD/src/e145e524ee8362fa7d14824b2921b0ba1b694bfe/sys/netinet/tcp_usrreq.c
sys/netinet/tcp_var.h	61a9a6875989f4746e9fc6b12798479c9df05f4cae0782613ed0265d93e21bb4	BSD-3-Clause	https://raw.githubusercontent.com/NetBSD/src/e145e524ee8362fa7d14824b2921b0ba1b694bfe/sys/netinet/tcp_var.h
sys/netinet/tcp_vtw.h	d5817e0b2d416e76fb0341b6e9d021a4e498ada442a84c9aa8fde9a806955ff4	BSD-2-Clause	https://raw.githubusercontent.com/NetBSD/src/e145e524ee8362fa7d14824b2921b0ba1b694bfe/sys/netinet/tcp_vtw.h
sys/netinet/udp.h	5bed5617a702301ded8909e33c7fc4ea237ebddb6ca6e7ff610838d8a21548f5	BSD-3-Clause	https://raw.githubusercontent.com/NetBSD/src/e145e524ee8362fa7d14824b2921b0ba1b694bfe/sys/netinet/udp.h
sys/netinet/udp_private.h	9048692398a4bb2d28a0f2ce16b1bea004cc18e9b64af297925f08b0767badaa	BSD-2-Clause	https://raw.githubusercontent.com/NetBSD/src/e145e524ee8362fa7d14824b2921b0ba1b694bfe/sys/netinet/udp_private.h
sys/netinet/udp_usrreq.c	80bd1f299ceb585a41358e6cf11dffe8003f4e1b222912fa69b2f6d1cc56f2e9	BSD-3-Clause	https://raw.githubusercontent.com/NetBSD/src/e145e524ee8362fa7d14824b2921b0ba1b694bfe/sys/netinet/udp_usrreq.c
sys/netinet/udp_var.h	6045c3202d34568db86a7d7ce46057fbd3e6cc8bb9d3c6d7d5e4f34d0446341d	BSD-3-Clause	https://raw.githubusercontent.com/NetBSD/src/e145e524ee8362fa7d14824b2921b0ba1b694bfe/sys/netinet/udp_var.h
sys/netinet/wqinput.h	055e24ccbe39cf1d304aad43df556d24f80d72ddcb8ff5675e512dd33f553671	BSD-2-Clause	https://raw.githubusercontent.com/NetBSD/src/e145e524ee8362fa7d14824b2921b0ba1b694bfe/sys/netinet/wqinput.h
sys/netmpls/mpls.h	08f744187e613063cb407951b09fd43d29609a64113eba0ca00919a138edbab0	BSD-2-Clause	https://raw.githubusercontent.com/NetBSD/src/e145e524ee8362fa7d14824b2921b0ba1b694bfe/sys/netmpls/mpls.h
sys/net/nd.c	c8721fd71a1f736800fa99fda15de446478456686b12ef9c1b9408ea64eb1c57	BSD-2-Clause	https://raw.githubusercontent.com/NetBSD/src/e145e524ee8362fa7d14824b2921b0ba1b694bfe/sys/net/nd.c
sys/net/nd.h	053307f5d5c93a24c8f440b1561419c0f9edd1d6fdd0fc95a0a06912ae495862	BSD-2-Clause	https://raw.githubusercontent.com/NetBSD/src/e145e524ee8362fa7d14824b2921b0ba1b694bfe/sys/net/nd.h
sys/net/net_stats.h	52da6469cec7dfd1496d13324c02b3f53b735aebad299fa8c45eeb5417182090	BSD-2-Clause	https://raw.githubusercontent.com/NetBSD/src/e145e524ee8362fa7d14824b2921b0ba1b694bfe/sys/net/net_stats.h
sys/net/pfil.h	6d2ad7c8dce5919a00f6b23c9d968742562ec15a717003e940a3a49b27cb5272	BSD-2-Clause	https://raw.githubusercontent.com/NetBSD/src/e145e524ee8362fa7d14824b2921b0ba1b694bfe/sys/net/pfil.h
sys/net/pktqueue.h	c785c21aba1a18161ca0f8260bdb5127164174a0323fae62c4bca52bd015a7b7	BSD-2-Clause	https://raw.githubusercontent.com/NetBSD/src/e145e524ee8362fa7d14824b2921b0ba1b694bfe/sys/net/pktqueue.h
sys/net/radix.c	d5cc14b4e59b1df3b3eb7d49b729fcd7843a1f7fb7bb8c759b083c392154b97b	BSD-3-Clause	https://raw.githubusercontent.com/NetBSD/src/e145e524ee8362fa7d14824b2921b0ba1b694bfe/sys/net/radix.c
sys/net/radix.h	b338d98b6432a98e135676a9d281222e7cbc6783d39c0deea420121b68ee9338	BSD-3-Clause	https://raw.githubusercontent.com/NetBSD/src/e145e524ee8362fa7d14824b2921b0ba1b694bfe/sys/net/radix.h
sys/net/raw_cb.h	bce75e91be179ba2e262866596e9c80f3d60d0a81d5d20abcba0e425edc164cc	BSD-3-Clause	https://raw.githubusercontent.com/NetBSD/src/e145e524ee8362fa7d14824b2921b0ba1b694bfe/sys/net/raw_cb.h
sys/net/route.c	0b78c621f01e65d6238d897fd1ca79ce85f5f62a52ba47fd13976113e1c22beb	BSD-3-Clause	https://raw.githubusercontent.com/NetBSD/src/e145e524ee8362fa7d14824b2921b0ba1b694bfe/sys/net/route.c
sys/net/route.h	af51d09f46a0c3512e16b5dbb838bff0999a427b93add5f3a04b5a84fa46706f	BSD-3-Clause	https://raw.githubusercontent.com/NetBSD/src/e145e524ee8362fa7d14824b2921b0ba1b694bfe/sys/net/route.h
sys/net/rtbl.c	ebbb9ee47ec4139cd042e48472c73436c4ec8b41ff043782b985bd60cb92f584	BSD-3-Clause	https://raw.githubusercontent.com/NetBSD/src/e145e524ee8362fa7d14824b2921b0ba1b694bfe/sys/net/rtbl.c
sys/secmodel/secmodel.h	4166e57b0aff8dcac421301f9322baebdb07a7d2fc624e96e21a67219351f436	BSD-2-Clause	https://raw.githubusercontent.com/NetBSD/src/e145e524ee8362fa7d14824b2921b0ba1b694bfe/sys/secmodel/secmodel.h
sys/sys/aio.h	ba3c5f9adeb2a428447b2780ddd5ea076568ca4c668d42a0af5249983cf81618	BSD-2-Clause	https://raw.githubusercontent.com/NetBSD/src/e145e524ee8362fa7d14824b2921b0ba1b694bfe/sys/sys/aio.h
sys/sys/ansi.h	36b4b96db8a35fbb77d0ea33f64869f5bc7953f45a92355156f8f3f19d98bde7	BSD-2-Clause	https://raw.githubusercontent.com/NetBSD/src/e145e524ee8362fa7d14824b2921b0ba1b694bfe/sys/sys/ansi.h
sys/sys/asan.h	a13c2bbb1fc2ec3187456643e1cdb487f8ba55605c41d093135ba0d58b812432	BSD-2-Clause	https://raw.githubusercontent.com/NetBSD/src/e145e524ee8362fa7d14824b2921b0ba1b694bfe/sys/sys/asan.h
sys/sys/atomic.h	3fbf9e271b3454f814a157777f7446e5c03ede02e6544969caa33a87297555de	BSD-2-Clause	https://raw.githubusercontent.com/NetBSD/src/e145e524ee8362fa7d14824b2921b0ba1b694bfe/sys/sys/atomic.h
sys/sys/bitops.h	f14e76f9cba47ee371569e2e93edf9d078fa6b8dcf2708dbe4ac4a15bf579d74	BSD-2-Clause	https://raw.githubusercontent.com/NetBSD/src/e145e524ee8362fa7d14824b2921b0ba1b694bfe/sys/sys/bitops.h
sys/sys/bufq.h	16a8c05989859d720b09ef16c46888394a09d8b64b614bfaa6df13efca0ef335	BSD-3-Clause	https://raw.githubusercontent.com/NetBSD/src/e145e524ee8362fa7d14824b2921b0ba1b694bfe/sys/sys/bufq.h
sys/sys/callback.h	ef6e9f0eb1436b502cc4252dd24958c14a8a320296efb2c369c9f680961d14c5	BSD-2-Clause	https://raw.githubusercontent.com/NetBSD/src/e145e524ee8362fa7d14824b2921b0ba1b694bfe/sys/sys/callback.h
sys/sys/callout.h	26be848560760a0538f320152e962642e1d19a119edddc898351d5a435aa3533	BSD-2-Clause	https://raw.githubusercontent.com/NetBSD/src/e145e524ee8362fa7d14824b2921b0ba1b694bfe/sys/sys/callout.h
sys/sys/cdefs_elf.h	15a38c6a57ac1d9c1bb2cc48a66840ce0a286bb7797d01d162ecc209c59c6de4	MIT	https://raw.githubusercontent.com/NetBSD/src/e145e524ee8362fa7d14824b2921b0ba1b694bfe/sys/sys/cdefs_elf.h
sys/sys/cdefs.h	ec9ce8b86bf2855a3332cd5533f82042bee63a0bb823f6183190e6815df5ceca	BSD-3-Clause	https://raw.githubusercontent.com/NetBSD/src/e145e524ee8362fa7d14824b2921b0ba1b694bfe/sys/sys/cdefs.h
sys/sys/clock.h	f21f11856a1112fc103077a96d8d8edcd03079426833eefbaeca220ac945287a	BSD-2-Clause	https://raw.githubusercontent.com/NetBSD/src/e145e524ee8362fa7d14824b2921b0ba1b694bfe/sys/sys/clock.h
sys/sys/common_ansi.h	1dc8764131d28b69d590183129a1fbefe0ca7750b886474cafe90f7fe9dd115c	BSD-2-Clause	https://raw.githubusercontent.com/NetBSD/src/e145e524ee8362fa7d14824b2921b0ba1b694bfe/sys/sys/common_ansi.h
sys/sys/common_int_const.h	d66c2975de88a6acd6d90287478dce66cafb15160e6fcb17385c6c3b3d85c8f4	BSD-2-Clause	https://raw.githubusercontent.com/NetBSD/src/e145e524ee8362fa7d14824b2921b0ba1b694bfe/sys/sys/common_int_const.h
sys/sys/common_int_fmtio.h	30713e9cf241a3318a16d0191ac41d6bd3551b52f03a017e7eafb46451d54c55	BSD-2-Clause	https://raw.githubusercontent.com/NetBSD/src/e145e524ee8362fa7d14824b2921b0ba1b694bfe/sys/sys/common_int_fmtio.h
sys/sys/common_int_limits.h	5d9c9d5ef4433c899d18dd3d4326a68a6f3dd44f32553469db92ccbd188088a0	BSD-2-Clause	https://raw.githubusercontent.com/NetBSD/src/e145e524ee8362fa7d14824b2921b0ba1b694bfe/sys/sys/common_int_limits.h
sys/sys/common_int_mwgwtypes.h	b104797b3cc3d3d03b20b2899e8ffa12bfe66f706264f2254d3a5cf4c3c69d83	BSD-2-Clause	https://raw.githubusercontent.com/NetBSD/src/e145e524ee8362fa7d14824b2921b0ba1b694bfe/sys/sys/common_int_mwgwtypes.h
sys/sys/common_int_types.h	fd04b08366d797808f8030ce6d4bf9231f97e7c561420c5e8ba3954ba814c082	BSD-2-Clause	https://raw.githubusercontent.com/NetBSD/src/e145e524ee8362fa7d14824b2921b0ba1b694bfe/sys/sys/common_int_types.h
sys/sys/compat_stub.h	6952420cdb082ca36e7f56f4a40120ed79dc54f6c6bd681b0e843c1487d4cd50	BSD-2-Clause	https://raw.githubusercontent.com/NetBSD/src/e145e524ee8362fa7d14824b2921b0ba1b694bfe/sys/sys/compat_stub.h
sys/sys/condvar.h	4c2e3ca74dc5155da87a8351ba3573f96ff2a228df8f6a3c261b91a817a3e232	BSD-2-Clause	https://raw.githubusercontent.com/NetBSD/src/e145e524ee8362fa7d14824b2921b0ba1b694bfe/sys/sys/condvar.h
sys/sys/cprng.h	18a884fb593368b160aa24dbab538b21bfcb913255ad8537fba64ca4ca1268a4	BSD-2-Clause	https://raw.githubusercontent.com/NetBSD/src/e145e524ee8362fa7d14824b2921b0ba1b694bfe/sys/sys/cprng.h
sys/sys/cpu_data.h	68b9017db938190bf2c22f058fe8ad04d6e505ed1de504a2cd32525074cba396	BSD-2-Clause	https://raw.githubusercontent.com/NetBSD/src/e145e524ee8362fa7d14824b2921b0ba1b694bfe/sys/sys/cpu_data.h
sys/sys/cpu.h	bee8658909deb6ada7a3691f66d18e1d155fceef1dee219e30d0ef2046e53e1c	BSD-2-Clause	https://raw.githubusercontent.com/NetBSD/src/e145e524ee8362fa7d14824b2921b0ba1b694bfe/sys/sys/cpu.h
sys/sys/debug.h	f1e9088ebd0b9bab051d1ab07ba272a781724382a07fdbf77bc4bda33e367498	BSD-2-Clause	https://raw.githubusercontent.com/NetBSD/src/e145e524ee8362fa7d14824b2921b0ba1b694bfe/sys/sys/debug.h
sys/sys/device.h	ea478d4ad05a43f64c93d1c8e565fa00bea85a7933ab1c4645cb717e81da2807	BSD-2-Clause	https://raw.githubusercontent.com/NetBSD/src/e145e524ee8362fa7d14824b2921b0ba1b694bfe/sys/sys/device.h
sys/sys/device_if.h	2fcf7e60b20b07471049bdab4b1127e203021ba80686e005b5511a1b7f118d76	UNKNOWN	https://raw.githubusercontent.com/NetBSD/src/e145e524ee8362fa7d14824b2921b0ba1b694bfe/sys/sys/device_if.h
sys/sys/dkio.h	89cf2399402caccedb7acb6c9e97ed194a89a276572a4228da312eb7fa828de4	BSD-3-Clause	https://raw.githubusercontent.com/NetBSD/src/e145e524ee8362fa7d14824b2921b0ba1b694bfe/sys/sys/dkio.h
sys/sys/domain.h	542d897f5122366a2de0dc2b3d05337fab037e27c9d85f3837d768ccdbf74851	BSD-3-Clause	https://raw.githubusercontent.com/NetBSD/src/e145e524ee8362fa7d14824b2921b0ba1b694bfe/sys/sys/domain.h
sys/sys/endian.h	2d38992958628531d925b13dbe21dee374314b357622c11bb8d2316e0b989f52	BSD-3-Clause	https://raw.githubusercontent.com/NetBSD/src/e145e524ee8362fa7d14824b2921b0ba1b694bfe/sys/sys/endian.h
sys/sys/errno.h	fa66e824fc276959fb9fd3904d9f31f4994d1761059162e2a43381b25210254e	BSD-3-Clause	https://raw.githubusercontent.com/NetBSD/src/e145e524ee8362fa7d14824b2921b0ba1b694bfe/sys/sys/errno.h
sys/sys/evcnt.h	6e5b5b20a804491528e1e7148deca3ab14d0857e63dafa99281cbbb32c6551a3	BSD-3-Clause	https://raw.githubusercontent.com/NetBSD/src/e145e524ee8362fa7d14824b2921b0ba1b694bfe/sys/sys/evcnt.h
sys/sys/event.h	d2de8431b06d8bd4d4f26436a3cc7238f30202949f16c95022ac4b6f6fd213f3	BSD-2-Clause	https://raw.githubusercontent.com/NetBSD/src/e145e524ee8362fa7d14824b2921b0ba1b694bfe/sys/sys/event.h
sys/sys/fault.h	56a0088842cf921fdc1825cb0e74fdfae17dd66fc722859917b13f3a101aa2b7	BSD-2-Clause	https://raw.githubusercontent.com/NetBSD/src/e145e524ee8362fa7d14824b2921b0ba1b694bfe/sys/sys/fault.h
sys/sys/fd_set.h	3a840716af8804bc2a76c2f0bf95b9e91e64ad529502aad6fa25b7603c3af848	BSD-3-Clause	https://raw.githubusercontent.com/NetBSD/src/e145e524ee8362fa7d14824b2921b0ba1b694bfe/sys/sys/fd_set.h
sys/sys/featuretest.h	ee2d404935bc50f818cae7bdec356ab698aec3d610d448fc565f5ede8c588022	Public-Domain	https://raw.githubusercontent.com/NetBSD/src/e145e524ee8362fa7d14824b2921b0ba1b694bfe/sys/sys/featuretest.h
sys/sys/filio.h	0a0e3c91ae8841974d6d02c05bd26db22ec392fcb7b2c259a08b7ab158839e1a	BSD-3-Clause	https://raw.githubusercontent.com/NetBSD/src/e145e524ee8362fa7d14824b2921b0ba1b694bfe/sys/sys/filio.h
sys/sys/hook.h	8bd0318431af59d3b234ff7769781947f7f26c0393ed308860630136fa4881fa	BSD-2-Clause	https://raw.githubusercontent.com/NetBSD/src/e145e524ee8362fa7d14824b2921b0ba1b694bfe/sys/sys/hook.h
sys/sys/idtype.h	ef6c2d03ac9738f96f926259a898fa50efdf88acfc34ae01a90ea5c83035f414	BSD-2-Clause	https://raw.githubusercontent.com/NetBSD/src/e145e524ee8362fa7d14824b2921b0ba1b694bfe/sys/sys/idtype.h
sys/sys/intr.h	987674daa30597a387a1adf7038339bd5149c2e1045ce5f85c0fc95af0a64622	BSD-2-Clause	https://raw.githubusercontent.com/NetBSD/src/e145e524ee8362fa7d14824b2921b0ba1b694bfe/sys/sys/intr.h
sys/sys/inttypes.h	705956a88979e79db4b27a34d5b45411cc19fff7ae1d3a1b26b768d066dee7b7	BSD-2-Clause	https://raw.githubusercontent.com/NetBSD/src/e145e524ee8362fa7d14824b2921b0ba1b694bfe/sys/sys/inttypes.h
sys/sys/ioccom.h	50b0ea9c39db131acff2b1fe12dc5228ba795764436b62455786720b24e7f8ca	BSD-3-Clause	https://raw.githubusercontent.com/NetBSD/src/e145e524ee8362fa7d14824b2921b0ba1b694bfe/sys/sys/ioccom.h
sys/sys/ioctl.h	d39e75946480ce6a854b4a0cf440c4869b80a36b47061a1e3685c2a7561844f1	BSD-3-Clause	https://raw.githubusercontent.com/NetBSD/src/e145e524ee8362fa7d14824b2921b0ba1b694bfe/sys/sys/ioctl.h
sys/sys/ipi.h	d3a0bca84e77776609c56e03de8ff7bfaa5117e92b71a0acfc2b06c5ff7fd33f	BSD-2-Clause	https://raw.githubusercontent.com/NetBSD/src/e145e524ee8362fa7d14824b2921b0ba1b694bfe/sys/sys/ipi.h
sys/sys/kauth.h	a80fc364a3820364bea4a49b141de633ce340d683c866c5eb061b517a2011bfd	BSD-2-Clause	https://raw.githubusercontent.com/NetBSD/src/e145e524ee8362fa7d14824b2921b0ba1b694bfe/sys/sys/kauth.h
sys/sys/kcpuset.h	fdec7e1c5491f172e2a518990bd9b0ffe4092ab6ee518dbecbad80ee9332b927	BSD-2-Clause	https://raw.githubusercontent.com/NetBSD/src/e145e524ee8362fa7d14824b2921b0ba1b694bfe/sys/sys/kcpuset.h
sys/sys/kernel.h	9962fbd0f69c4fe8d3c3228b40eeaa18d761d9c218dee772762d6f4b68c525b8	BSD-3-Clause	https://raw.githubusercontent.com/NetBSD/src/e145e524ee8362fa7d14824b2921b0ba1b694bfe/sys/sys/kernel.h
sys/sys/kmem.h	300750aff2d57e13beaffab90d7342dd3549f3f3ca98bf08c0e58013b048e870	BSD-2-Clause	https://raw.githubusercontent.com/NetBSD/src/e145e524ee8362fa7d14824b2921b0ba1b694bfe/sys/sys/kmem.h
sys/sys/kprintf.h	4698d1d339d5c3bda32dd117a3edaed0ba10657866596ebed6dfb50d7f957e56	BSD-3-Clause	https://raw.githubusercontent.com/NetBSD/src/e145e524ee8362fa7d14824b2921b0ba1b694bfe/sys/sys/kprintf.h
sys/sys/localcount.h	474ad3e230802b7cf3464b5e56f41aff38ec3b086a4fa712f4d66b58519324f0	BSD-2-Clause	https://raw.githubusercontent.com/NetBSD/src/e145e524ee8362fa7d14824b2921b0ba1b694bfe/sys/sys/localcount.h
sys/sys/lockdebug.h	1dac02bfc3f3224fb522f27a338dfbce8bbf64c18c4d7f2000c324d1056386d6	BSD-2-Clause	https://raw.githubusercontent.com/NetBSD/src/e145e524ee8362fa7d14824b2921b0ba1b694bfe/sys/sys/lockdebug.h
sys/sys/lock.h	7afcfe7b0e23fd57dd35feb32d4385c649b1d2be446ea03d0fcb05c692768f55	BSD-2-Clause	https://raw.githubusercontent.com/NetBSD/src/e145e524ee8362fa7d14824b2921b0ba1b694bfe/sys/sys/lock.h
sys/sys/lwp.h	bce84348cc36491c337c0e60708d2e6a91e026ddf313332206aa91f52a5813a5	BSD-2-Clause	https://raw.githubusercontent.com/NetBSD/src/e145e524ee8362fa7d14824b2921b0ba1b694bfe/sys/sys/lwp.h
sys/sys/malloc.h	da963bae38326a6b3fbc13fdfc9d2e35043e8024375443a298657c3cb6db6fc6	BSD-3-Clause	https://raw.githubusercontent.com/NetBSD/src/e145e524ee8362fa7d14824b2921b0ba1b694bfe/sys/sys/malloc.h
sys/sys/mallocvar.h	eac135bdf91ee4b540ca1fdedd74fee816e3de6d58982aebd783f2e659c4157e	BSD-3-Clause	https://raw.githubusercontent.com/NetBSD/src/e145e524ee8362fa7d14824b2921b0ba1b694bfe/sys/sys/mallocvar.h
sys/sys/mbuf.h	9a2ed1d89c49c37cdd6af55a4374da38ac6d3bc317c19b33e6fabd92b6a23350	BSD-3-Clause	https://raw.githubusercontent.com/NetBSD/src/e145e524ee8362fa7d14824b2921b0ba1b694bfe/sys/sys/mbuf.h
sys/sys/module.h	71c103dc4a30690329ca7f8b164ce2b1ba37c99ec4de94b260f1eb57abc94ec6	BSD-2-Clause	https://raw.githubusercontent.com/NetBSD/src/e145e524ee8362fa7d14824b2921b0ba1b694bfe/sys/sys/module.h
sys/sys/module_hook.h	2ca3f55cadcd59d488d21903cd4cdc2b88918b87c1cbfd7f8e85eb9437f8a9eb	BSD-2-Clause	https://raw.githubusercontent.com/NetBSD/src/e145e524ee8362fa7d14824b2921b0ba1b694bfe/sys/sys/module_hook.h
sys/sys/mqueue.h	5c70fe9888225593193d2b6517c282312d74d9c8437d622a921d5aab059f9380	BSD-2-Clause	https://raw.githubusercontent.com/NetBSD/src/e145e524ee8362fa7d14824b2921b0ba1b694bfe/sys/sys/mqueue.h
sys/sys/msan.h	660e73bddbcb352cd0be19548665bc29448789c855cd51dfacf695a9a32f6f3a	BSD-2-Clause	https://raw.githubusercontent.com/NetBSD/src/e145e524ee8362fa7d14824b2921b0ba1b694bfe/sys/sys/msan.h
sys/sys/mutex.h	99e0763e31b4c43f605edd4a775a821ac22263c7b2598f6835e38408e7729410	BSD-2-Clause	https://raw.githubusercontent.com/NetBSD/src/e145e524ee8362fa7d14824b2921b0ba1b694bfe/sys/sys/mutex.h
sys/sys/null.h	e4f30dc61d62607a84c8b11b679f6fa1231134ae8cc3de356770f60c92b8276e	Public-Domain	https://raw.githubusercontent.com/NetBSD/src/e145e524ee8362fa7d14824b2921b0ba1b694bfe/sys/sys/null.h
sys/sys/once.h	1884a13eabe01d9d90d5e109f2927bad41c4abbf76d9d7170dc866d1f47b77d8	BSD-2-Clause	https://raw.githubusercontent.com/NetBSD/src/e145e524ee8362fa7d14824b2921b0ba1b694bfe/sys/sys/once.h
sys/sys/param.h	ce74ff8a8ca1a87dd4df3b402a9ab5b2cc2e4fb69cce76c6d386a43f78e9d1c3	BSD-3-Clause	https://raw.githubusercontent.com/NetBSD/src/e145e524ee8362fa7d14824b2921b0ba1b694bfe/sys/sys/param.h
sys/sys/pcq.h	4e2ff21995b402c8a7d14f99e0b55308d56a620bcd9da4abd2eace537202487c	BSD-2-Clause	https://raw.githubusercontent.com/NetBSD/src/e145e524ee8362fa7d14824b2921b0ba1b694bfe/sys/sys/pcq.h
sys/sys/pcu.h	d0f2154fcd1ec77436fa36b33f0848c25edb58dc6052fb3ebe465d3c698cfe7f	BSD-2-Clause	https://raw.githubusercontent.com/NetBSD/src/e145e524ee8362fa7d14824b2921b0ba1b694bfe/sys/sys/pcu.h
sys/sys/percpu.h	24c8c0e3c5580261afd2d4c87a9b850e23e9ebc733d0ad11847f57b20aae159c	BSD-2-Clause	https://raw.githubusercontent.com/NetBSD/src/e145e524ee8362fa7d14824b2921b0ba1b694bfe/sys/sys/percpu.h
sys/sys/percpu_types.h	585aee0ffdc8e68ab2197e9ae711ee757216a1b1425078b3e60c66c153433c8e	BSD-2-Clause	https://raw.githubusercontent.com/NetBSD/src/e145e524ee8362fa7d14824b2921b0ba1b694bfe/sys/sys/percpu_types.h
sys/sys/pmf.h	e4d746812d1577cdac3e6a588e0dfa486d9af13a1a0870ee117358d48d9d92ab	BSD-2-Clause	https://raw.githubusercontent.com/NetBSD/src/e145e524ee8362fa7d14824b2921b0ba1b694bfe/sys/sys/pmf.h
sys/sys/pool.h	c7c881e89de6990b01aafdf3390b8d6a470d7b327c531080622b0aa9c541de16	BSD-2-Clause	https://raw.githubusercontent.com/NetBSD/src/e145e524ee8362fa7d14824b2921b0ba1b694bfe/sys/sys/pool.h
sys/sys/proc.h	46ee3569f3c70cc2310d771d166f78a94555c51b2eb588f5d7585a4d4d4c980d	BSD-3-Clause	https://raw.githubusercontent.com/NetBSD/src/e145e524ee8362fa7d14824b2921b0ba1b694bfe/sys/sys/proc.h
sys/sys/protosw.h	76819ec7c02cecc1f96064562156e568abeb0a52041a49995353c0abed5329b2	BSD-3-Clause	https://raw.githubusercontent.com/NetBSD/src/e145e524ee8362fa7d14824b2921b0ba1b694bfe/sys/sys/protosw.h
sys/sys/pserialize.h	25ae9ca85e3aa75f92093761755fa4ff0942f15347dd50913dbd211e85fffb5b	BSD-2-Clause	https://raw.githubusercontent.com/NetBSD/src/e145e524ee8362fa7d14824b2921b0ba1b694bfe/sys/sys/pserialize.h
sys/sys/pslist.h	b791fa2c90bdf92825c7573ffc7eab78a10b2e109695fc011cb91a4b47064e12	BSD-2-Clause	https://raw.githubusercontent.com/NetBSD/src/e145e524ee8362fa7d14824b2921b0ba1b694bfe/sys/sys/pslist.h
sys/sys/psref.h	fff94f4c691a8cb2a898598ea9c3905be31ae8a0ef2ca768c4c7f831564d2273	BSD-2-Clause	https://raw.githubusercontent.com/NetBSD/src/e145e524ee8362fa7d14824b2921b0ba1b694bfe/sys/sys/psref.h
sys/sys/queue.h	10ee3fc207d71f3dcdedd9038ceccaf367654104457102e7fbab2683e0b626e1	BSD-3-Clause	https://raw.githubusercontent.com/NetBSD/src/e145e524ee8362fa7d14824b2921b0ba1b694bfe/sys/sys/queue.h
sys/sys/radixtree.h	42a11b93ebf6296287536d086d32bb23f14b2f595046198ca8f8d026f5131fae	BSD-2-Clause	https://raw.githubusercontent.com/NetBSD/src/e145e524ee8362fa7d14824b2921b0ba1b694bfe/sys/sys/radixtree.h
sys/sys/rbtree.h	16bece97e73727315a7f9c9f8e70e92622b3ea29491f7d79ce67abe5d94106e4	BSD-2-Clause	https://raw.githubusercontent.com/NetBSD/src/e145e524ee8362fa7d14824b2921b0ba1b694bfe/sys/sys/rbtree.h
sys/sys/resource.h	c0e9014f3e604f89355ac9f5cee2af341885c9489f85400286806fddb5c0b455	BSD-3-Clause	https://raw.githubusercontent.com/NetBSD/src/e145e524ee8362fa7d14824b2921b0ba1b694bfe/sys/sys/resource.h
sys/sys/resourcevar.h	eb3e715edf28de816c979f4058e6b76b10fe5e363c5c965dc6d1daa61db21afe	BSD-3-Clause	https://raw.githubusercontent.com/NetBSD/src/e145e524ee8362fa7d14824b2921b0ba1b694bfe/sys/sys/resourcevar.h
sys/sys/rwlock.h	87bdce57c6d4b814aa931b29562b1d4a0b65e34cdc3082f451740f9a7c877210	BSD-2-Clause	https://raw.githubusercontent.com/NetBSD/src/e145e524ee8362fa7d14824b2921b0ba1b694bfe/sys/sys/rwlock.h
sys/sys/sched.h	72593b1165b21038060ddcb66e610390a74be83df6bfab2e71706f0a9efc64ab	BSD-3-Clause	https://raw.githubusercontent.com/NetBSD/src/e145e524ee8362fa7d14824b2921b0ba1b694bfe/sys/sys/sched.h
sys/sys/sdt.h	040cce0e005fe15e4bb9ea34f7a2c354cfd52c6bf8d36ca0368f94cd04227093	BSD-2-Clause	https://raw.githubusercontent.com/NetBSD/src/e145e524ee8362fa7d14824b2921b0ba1b694bfe/sys/sys/sdt.h
sys/sys/select.h	af2c91147632fbc120e60b7b68cef464af43727506086bbc24f1a93dadbad241	BSD-3-Clause	https://raw.githubusercontent.com/NetBSD/src/e145e524ee8362fa7d14824b2921b0ba1b694bfe/sys/sys/select.h
sys/sys/selinfo.h	aede2bc21dd1a9cec98ce6b31bfd402cc496207a9e4af03504b8389acc88cbbe	BSD-3-Clause	https://raw.githubusercontent.com/NetBSD/src/e145e524ee8362fa7d14824b2921b0ba1b694bfe/sys/sys/selinfo.h
sys/sys/siginfo.h	d55546b6a3aed97595577424579417729df475702da33bf684b4b77e538c6a21	BSD-2-Clause	https://raw.githubusercontent.com/NetBSD/src/e145e524ee8362fa7d14824b2921b0ba1b694bfe/sys/sys/siginfo.h
sys/sys/signal.h	8b01e1652ce69a7d7d61f12c2991d0847071823792e55fcbf6bc98b50e8c008b	BSD-3-Clause	https://raw.githubusercontent.com/NetBSD/src/e145e524ee8362fa7d14824b2921b0ba1b694bfe/sys/sys/signal.h
sys/sys/signalvar.h	c858ad0d15881eefa60f40e5ee4ac0bdd91afe578dab1a3fbe6c528270a79272	BSD-3-Clause	https://raw.githubusercontent.com/NetBSD/src/e145e524ee8362fa7d14824b2921b0ba1b694bfe/sys/sys/signalvar.h
sys/sys/sigtypes.h	9e6219dcfd8d27ad4d88b45ca2df8f7887dea1712b1ef48bb57615fd8352ff59	BSD-3-Clause	https://raw.githubusercontent.com/NetBSD/src/e145e524ee8362fa7d14824b2921b0ba1b694bfe/sys/sys/sigtypes.h
sys/sys/sleepq.h	3db4cd153e3fd29e298581661027e98cb2b120ce026b3e40a4fe61249b167e8c	BSD-2-Clause	https://raw.githubusercontent.com/NetBSD/src/e145e524ee8362fa7d14824b2921b0ba1b694bfe/sys/sys/sleepq.h
sys/sys/sleeptab.h	fd6a41230688b562a4c4007b7b1c37d8ae038c5f26a483adc0a05ff66be29689	BSD-2-Clause	https://raw.githubusercontent.com/NetBSD/src/e145e524ee8362fa7d14824b2921b0ba1b694bfe/sys/sys/sleeptab.h
sys/sys/socket.h	a93d4cf956740b81b5c2ed084dee6e4b9a173872c837728d28ad635af3c1bbbc	BSD-3-Clause	https://raw.githubusercontent.com/NetBSD/src/e145e524ee8362fa7d14824b2921b0ba1b694bfe/sys/sys/socket.h
sys/sys/socketvar.h	ef342f214d13b68b7bdd0a10347e2e29cfa52562bfc7b2801df06ed12b80b7df	BSD-3-Clause	https://raw.githubusercontent.com/NetBSD/src/e145e524ee8362fa7d14824b2921b0ba1b694bfe/sys/sys/socketvar.h
sys/sys/sockio.h	2966bc828cd7c71e1b930aa98fca9f6f4c76f9e0c6042bdf2d26569f980ec69d	BSD-3-Clause	https://raw.githubusercontent.com/NetBSD/src/e145e524ee8362fa7d14824b2921b0ba1b694bfe/sys/sys/sockio.h
sys/sys/specificdata.h	eb3d8d93d39e144da02c33d36d3f146931a640fa7b0572a76ba869996f698d28	BSD-2-Clause	https://raw.githubusercontent.com/NetBSD/src/e145e524ee8362fa7d14824b2921b0ba1b694bfe/sys/sys/specificdata.h
sys/sys/spl.h	e982683adfd2456e6de5ed93c89492ef0c003deae77887870468a5130097d809	BSD-2-Clause	https://raw.githubusercontent.com/NetBSD/src/e145e524ee8362fa7d14824b2921b0ba1b694bfe/sys/sys/spl.h
sys/sys/stat.h	aadf0cd5e2eeb91aff80d67ea5f79bb64c6d7b5cc6c8219bdaf818f2cf6751f9	BSD-3-Clause	https://raw.githubusercontent.com/NetBSD/src/e145e524ee8362fa7d14824b2921b0ba1b694bfe/sys/sys/stat.h
sys/sys/stdarg.h	55503934e44c04da76e94da85b5aefca5222af7bf10440b83ba9b1468b6be75f	BSD-3-Clause	https://raw.githubusercontent.com/NetBSD/src/e145e524ee8362fa7d14824b2921b0ba1b694bfe/sys/sys/stdarg.h
sys/sys/stdbool.h	64fab94a25a32c2f5ee53acd2ce642aa2ad59302ee0d067265d8fdf9c6c575ee	BSD-2-Clause	https://raw.githubusercontent.com/NetBSD/src/e145e524ee8362fa7d14824b2921b0ba1b694bfe/sys/sys/stdbool.h
sys/sys/stdint.h	26a9a000cee835449d7b266ed88ef630618aef613770721b036bb44ea95875bd	BSD-2-Clause	https://raw.githubusercontent.com/NetBSD/src/e145e524ee8362fa7d14824b2921b0ba1b694bfe/sys/sys/stdint.h
sys/sys/syncobj.h	d762537f5c2f9cabca731b3b2cf382b80c986e366d560d17727d12ac56a727c2	BSD-2-Clause	https://raw.githubusercontent.com/NetBSD/src/e145e524ee8362fa7d14824b2921b0ba1b694bfe/sys/sys/syncobj.h
sys/sys/sysctl.h	5a3b0b72b5757296949cee0a3c72077235666cd74ff37128077481bdab1d2fce	BSD-3-Clause	https://raw.githubusercontent.com/NetBSD/src/e145e524ee8362fa7d14824b2921b0ba1b694bfe/sys/sys/sysctl.h
sys/sys/syslimits.h	ecd782031c5f35f2b9bc9ecd8cde3c96709ef4176b9f3ee92100f12951c399d0	BSD-3-Clause	https://raw.githubusercontent.com/NetBSD/src/e145e524ee8362fa7d14824b2921b0ba1b694bfe/sys/sys/syslimits.h
sys/sys/syslog.h	c251c6894b3f8bb5e674b509938d53ba6c25ce4abd1413f8aefd543ba53566e5	BSD-3-Clause	https://raw.githubusercontent.com/NetBSD/src/e145e524ee8362fa7d14824b2921b0ba1b694bfe/sys/sys/syslog.h
sys/sys/systm.h	c03dcae9161a4c3be857683328ec48d07f854e8cb38e39e3ec3bcdf5ea32bcd1	BSD-3-Clause	https://raw.githubusercontent.com/NetBSD/src/e145e524ee8362fa7d14824b2921b0ba1b694bfe/sys/sys/systm.h
sys/sys/time.h	446b121c5ca4e3910af89c2cd4a1424ac2d766b1ffd5a4fc392f816f97110551	BSD-3-Clause	https://raw.githubusercontent.com/NetBSD/src/e145e524ee8362fa7d14824b2921b0ba1b694bfe/sys/sys/time.h
sys/sys/timespec.h	fa13b303794e991462a5e9d86363d0c7782ff3e063c0689c9d38b752069ead31	BSD-3-Clause	https://raw.githubusercontent.com/NetBSD/src/e145e524ee8362fa7d14824b2921b0ba1b694bfe/sys/sys/timespec.h
sys/sys/timetc.h	473e22b6f210c86e6e7a5773b90cca0368c6ee77577fba8937e98f6e755d5dc6	Beerware	https://raw.githubusercontent.com/NetBSD/src/e145e524ee8362fa7d14824b2921b0ba1b694bfe/sys/sys/timetc.h
sys/sys/timevar.h	fd1bdd122fe516a61abf0c3764cd736e239db2b6657420d0fe63ffac777582a2	BSD-3-Clause	https://raw.githubusercontent.com/NetBSD/src/e145e524ee8362fa7d14824b2921b0ba1b694bfe/sys/sys/timevar.h
sys/sys/tree.h	e1e498a79bf160a5766fa560f2b07b206fe89fe21a62600c77d72e00a6992f92	BSD-2-Clause	https://raw.githubusercontent.com/NetBSD/src/e145e524ee8362fa7d14824b2921b0ba1b694bfe/sys/sys/tree.h
sys/sys/ttycom.h	d614a843b80587d440620b968156db25225e051e74af8ecc896b28ccf4b7ad65	BSD-3-Clause	https://raw.githubusercontent.com/NetBSD/src/e145e524ee8362fa7d14824b2921b0ba1b694bfe/sys/sys/ttycom.h
sys/sys/types.h	8af1489f311c10f59c5c17d23932a91f1570a502031c67758f82e920907b1a8c	BSD-3-Clause	https://raw.githubusercontent.com/NetBSD/src/e145e524ee8362fa7d14824b2921b0ba1b694bfe/sys/sys/types.h
sys/sys/ucontext.h	6c5bbceaddcc25228b452c38725aa46382ee2d76b80c8201c1573ccea7c37b78	BSD-2-Clause	https://raw.githubusercontent.com/NetBSD/src/e145e524ee8362fa7d14824b2921b0ba1b694bfe/sys/sys/ucontext.h
sys/sys/ucred.h	f5361d1544484c4d399a977d42c57fc60858c52cdd7d4034f313a9b7b5caa9d1	BSD-3-Clause	https://raw.githubusercontent.com/NetBSD/src/e145e524ee8362fa7d14824b2921b0ba1b694bfe/sys/sys/ucred.h
sys/sys/uidinfo.h	c2bfb51097f916e6cce41f02cc262c985ad6b26b4fb354e1db5dc15c43e469e5	BSD-3-Clause	https://raw.githubusercontent.com/NetBSD/src/e145e524ee8362fa7d14824b2921b0ba1b694bfe/sys/sys/uidinfo.h
sys/sys/uio.h	c898602e50b402568bce7064444f8e5485617bdeefcfa26acbe4d970b0257b6d	BSD-3-Clause	https://raw.githubusercontent.com/NetBSD/src/e145e524ee8362fa7d14824b2921b0ba1b694bfe/sys/sys/uio.h
sys/sys/vmem.h	bd116715991a9ed16022c74f7bea434f27af6db79ff53726dc3f451ade739254	BSD-2-Clause	https://raw.githubusercontent.com/NetBSD/src/e145e524ee8362fa7d14824b2921b0ba1b694bfe/sys/sys/vmem.h
sys/sys/vmmeter.h	4a22638fcd2d034d5148b02272677a9a2855850eae4dda35f086c99d8752fabd	BSD-3-Clause	https://raw.githubusercontent.com/NetBSD/src/e145e524ee8362fa7d14824b2921b0ba1b694bfe/sys/sys/vmmeter.h
sys/sys/workqueue.h	ea7bcfc7e639d0a170411f951c66966cef9b33cd9d13422411f19eaac76284da	BSD-2-Clause	https://raw.githubusercontent.com/NetBSD/src/e145e524ee8362fa7d14824b2921b0ba1b694bfe/sys/sys/workqueue.h
sys/sys/xcall.h	4247c7145824a5cd87648085dbe3019120550477a9648a6282c12586be6e07bd	BSD-2-Clause	https://raw.githubusercontent.com/NetBSD/src/e145e524ee8362fa7d14824b2921b0ba1b694bfe/sys/sys/xcall.h
sys/uvm/uvm_anon.h	beca55a981e1c7c1c5ce2c24e61bb46a408866c067dc1c9b9e63176de81895c9	BSD-2-Clause	https://raw.githubusercontent.com/NetBSD/src/e145e524ee8362fa7d14824b2921b0ba1b694bfe/sys/uvm/uvm_anon.h
sys/uvm/uvm_extern.h	f90505a41584e38a39425346d9a098e92515492f320c994abc746cbe20657824	BSD-3-Clause	https://raw.githubusercontent.com/NetBSD/src/e145e524ee8362fa7d14824b2921b0ba1b694bfe/sys/uvm/uvm_extern.h
sys/uvm/uvm_map.h	a7caf1e149874521e7fbc09483ad17d8ae72fda08b9b366a35c84f3f25c92a3b	BSD-3-Clause	https://raw.githubusercontent.com/NetBSD/src/e145e524ee8362fa7d14824b2921b0ba1b694bfe/sys/uvm/uvm_map.h
sys/uvm/uvm_pager.h	89d472b83a9249cce27301500ffc1d313f2454c7ad0375abe573a19584d481f4	BSD-3-Clause	https://raw.githubusercontent.com/NetBSD/src/e145e524ee8362fa7d14824b2921b0ba1b694bfe/sys/uvm/uvm_pager.h
sys/uvm/uvm_param.h	918ff1d94ff74439b7da40112b33ebc9f3ebbf6274eefe4a283057b750598027	BSD-3-Clause	https://raw.githubusercontent.com/NetBSD/src/e145e524ee8362fa7d14824b2921b0ba1b694bfe/sys/uvm/uvm_param.h
sys/uvm/uvm_physseg.h	776192be6cf487dcb11341df86071ab2a32c76df91bf5a4f2e79512661a2260a	BSD-2-Clause	https://raw.githubusercontent.com/NetBSD/src/e145e524ee8362fa7d14824b2921b0ba1b694bfe/sys/uvm/uvm_physseg.h
sys/uvm/uvm_pmap.h	2f17f70fd1a5a3ede0e3761d1ac3d22293cb4daa8d2d2d7978f03a726d58d769	BSD-3-Clause	https://raw.githubusercontent.com/NetBSD/src/e145e524ee8362fa7d14824b2921b0ba1b694bfe/sys/uvm/uvm_pmap.h
sys/uvm/uvm_prot.h	9bd31ff993ed46578faeb21045333db4186010c2310d73cd0f1c59cc028852e6	BSD-3-Clause	https://raw.githubusercontent.com/NetBSD/src/e145e524ee8362fa7d14824b2921b0ba1b694bfe/sys/uvm/uvm_prot.h
